"Date","Competition/Event","Home Team","Away Team","Home Goals","Away Goals","Result (W/D/L)","Goal Scorers (Croatia only","unless Own Goal/Opponent Scorer listed)","Time of Goals (Croatia only","unless Own Goal/Opponent Scorer listed)"
"2020-12-16","Friendly","Saudi Arabia","Croatia",0,1,"W","Andrej Kramarić","82'",NA,NA
"2021-03-26","Friendly","Croatia","Slovenia",1,1,"D","Andrej Kramarić; Opponent: Jaka Bijol (own goal? - info not specific)","39'; Opponent: 90+1'",NA,NA
"2021-03-29","Friendly","Croatia","Bulgaria",2,1,"W","Luka Modrić (pen), Andrej Kramarić; Opponent: Kiril Despodov","76' (pen), 80'; Opponent: 69'",NA,NA
"2021-06-06","UEFA Nations League A (2022-23 Season)","Croatia","France",1,1,"D","Nikola Vlašić","",NA,NA
"2021-06-10","UEFA Nations League A (2022-23 Season)","Denmark","Croatia",0,1,"W","Mario Pašalić","",NA,NA
"2021-06-13","UEFA Nations League A (2022-23 Season)","France","Croatia",0,1,"W","Andrej Kramarić (pen)","",NA,NA
"2021-09-22","UEFA Nations League A (2022-23 Season)","Croatia","Denmark",2,1,"W","Borna Sosa, Lovro Majer","",NA,NA
"2021-09-25","UEFA Nations League A (2022-23 Season)","Austria","Croatia",1,3,"W","Ivan Perišić, Marko Livaja, Dejan Lovren","",NA,NA
"2021-10-08","World Cup Qualifier (2022)","Cyprus","Croatia",0,3,"W","Ivan Perišić, Joško Gvardiol, Marko Livaja","",NA,NA
"2021-10-11","World Cup Qualifier (2022)","Croatia","Slovakia",2,2,"D","Andrej Kramarić, Marcelo Brozović","",NA,NA
"2021-11-11","World Cup Qualifier (2022)","Malta","Croatia",1,7,"W","Ivan Perišić, Duje Ćaleta-Car, Mario Pašalić, Luka Modrić (pen), Lovro Majer (2), Andrej Kramarić","",NA,NA
"2021-11-14","World Cup Qualifier (2022)","Croatia","Russia",1,0,"W","Fedor Kudryashov (own goal)","",NA,NA
"2022-11-23","2022 FIFA World Cup Group Stage (F)","Morocco","Croatia",0,0,"D","","",NA,NA
"2022-11-27","2022 FIFA World Cup Group Stage (F)","Croatia","Canada",4,1,"W","Andrej Kramarić (2), Marko Livaja, Lovro Majer","",NA,NA
"2022-12-01","2022 FIFA World Cup Group Stage (F)","Croatia","Belgium",0,0,"D","","",NA,NA
"2022-12-05","2022 FIFA World Cup Round of 16","Japan","Croatia",1,1,"D","Ivan Perišić","",NA,NA
"2022-12-09","2022 FIFA World Cup Quarter-finals","Brazil","Croatia",1,1,"D","Bruno Petković","",NA,NA
"2022-12-13","2022 FIFA World Cup Semi-finals","Argentina","Croatia",3,0,"L","","",NA,NA
"2022-12-17","2022 FIFA World Cup Third Place","Croatia","Morocco",2,1,"W","Joško Gvardiol, Mislav Oršić","",NA,NA
"2023-03-25","UEFA Euro 2024 Qualifying","Croatia","Wales",1,1,"D","Andrej Kramarić; Opponent: Nathan Broadhead","",NA,NA
"2023-03-28","UEFA Euro 2024 Qualifying","Türkiye","Croatia",0,2,"W","Mateo Kovačić (2)","",NA,NA
"2023-06-14","UEFA Nations League Finals Semi-final","Netherlands","Croatia",2,4,"W","Andrej Kramarić (pen), Mario Pašalić, Bruno Petković, Luka Modrić (pen)","",NA,NA
"2023-06-18","UEFA Nations League Final","Croatia","Spain",0,0,"D","","",NA,NA
"2023-09-08","UEFA Euro 2024 Qualifying","Croatia","Latvia",5,0,"W","Bruno Petković (2), Luka Ivankušec (own goal? - info not specific), Andrej Kramarić, Mario Pašalić","",NA,NA
"2023-09-11","UEFA Euro 2024 Qualifying","Armenia","Croatia",0,1,"W","Andrej Kramarić","",NA,NA
"2023-10-12","UEFA Euro 2024 Qualifying","Croatia","Türkiye",0,1,"L","","",NA,NA
"2023-10-15","UEFA Euro 2024 Qualifying","Wales","Croatia",2,1,"L","Mario Pašalić","",NA,NA
"2023-11-18","UEFA Euro 2024 Qualifying","Latvia","Croatia",0,2,"W","Lovro Majer, Andrej Kramarić","",NA,NA
"2023-11-21","UEFA Euro 2024 Qualifying","Croatia","Armenia",1,0,"W","Ante Budimir","",NA,NA
"2024-03-23","Friendly International","Tunisia","Croatia",0,0,"D","","",NA,NA
"2024-03-26","Friendly International","Egypt","Croatia",2,4,"W","Nikola Vlašić, Bruno Petković, Andrej Kramarić, Lovro Majer","",NA,NA
"2024-06-03","Friendly International","Croatia","North Macedonia",3,0,"W","Lovro Majer (2), Bruno Petković","",NA,NA
"2024-06-08","Friendly International","Portugal","Croatia",1,2,"W","Luka Modrić (pen), Ante Budimir","",NA,NA
"2024-06-15","UEFA Euro 2024 Group Stage (B)","Spain","Croatia",3,0,"L","","",NA,NA
"2024-06-19","UEFA Euro 2024 Group Stage (B)","Croatia","Albania",2,2,"D","Andrej Kramarić, Klaus Gjasula (own goal)","",NA,NA
"2024-06-24","UEFA Euro 2024 Group Stage (B)","Croatia","Italy",1,1,"D","Luka Modrić","",NA,NA
"2024-09-05","2024-25 UEFA Nations League A","Portugal","Croatia",2,1,"L","Borna Sosa","",NA,NA
"2024-09-08","2024-25 UEFA Nations League A","Croatia","Poland",1,0,"W","Bruno Petković","",NA,NA
"2024-10-12","2024-25 UEFA Nations League A","Croatia","Scotland",2,1,"W","Bruno Petković, Luka Modrić","",NA,NA
"2024-10-15","2024-25 UEFA Nations League A","Poland","Croatia",3,3,"D","Andrej Kramarić, Bruno Petković, Ivan Perišić","",NA,NA
"2024-11-15","2024-25 UEFA Nations League A","Scotland","Croatia",1,0,"L","","",NA,NA
"2024-11-18","2024-25 UEFA Nations League A","Croatia","Portugal",1,1,"D","Luka Sučić","",NA,NA
"2025-03-20","2024-25 UEFA Nations League Quarter-finals","Croatia","France",2,0,"W","Andrej Kramarić, Mateo Kovačić","",NA,NA
"2025-03-23","2024-25 UEFA Nations League Quarter-finals","France","Croatia",2,0,"L","","",NA,NA
"2025-06-06","2026 FIFA World Cup Qualification","Gibraltar","Croatia",0,7,"W","Andrej Kramarić (2), Bruno Petković (2), Luka Modrić, Joško Gvardiol, Nikola Vlašić","",NA,NA
"2025-06-09","2026 FIFA World Cup Qualification","Croatia","Czech Republic",5,1,"W","Andrej Kramarić (2), Bruno Petković, Luka Modrić, Lovro Majer","",NA,NA
"2025-09-05","2026 FIFA World Cup Qualification","Faroe Islands","Croatia",0,1,"W","Andrej Kramarić","",NA,NA
"2025-09-08","2026 FIFA World Cup Qualification","Croatia","Montenegro",4,0,"W","Bruno Petković (2), Andrej Kramarić, Nikola Vlašić","",NA,NA
"2025-10-09","2026 FIFA World Cup Qualification","Czech Republic","Croatia",0,0,"D","","",NA,NA
"2025-10-12","2026 FIFA World Cup Qualification","Croatia","Gibraltar",3,0,"W","Luka Modrić, Andrej Kramarić, Bruno Petković","",NA,NA
"2025-11-14","2026 FIFA World Cup Qualification","Croatia","Faroe Islands",3,1,"W","Andrej Kramarić (2), Bruno Petković","",NA,NA
"2025-11-17","2026 FIFA World Cup Qualification","Montenegro","Croatia",2,3,"W","Andrej Kramarić, Luka Modrić, Joško Gvardiol","",NA,NA
